<?xml version="1.0" encoding="UTF-8"?>
<!--
 Tencent is pleased to support the open source community by making QMUI_Android available.

 Copyright (C) 2017-2018 THL A29 Limited, a Tencent company. All rights reserved.

 Licensed under the MIT License (the "License"); you may not use this file except in
 compliance with the License. You may obtain a copy of the License at

 http://opensource.org/licenses/MIT

 Unless required by applicable law or agreed to in writing, software distributed under the License is
 distributed on an "AS IS" BASIS, WITHOUT WARRANTIES OR CONDITIONS OF ANY KIND,
 either express or implied. See the License for the specific language governing permissions and
 limitations under the License.
-->

<lint>
    <!-- Disable the given check in this project -->
    <issue id="HardcodedText" severity="ignore"/>
    <issue id="SmallSp" severity="ignore"/>
    <issue id="IconMissingDensityFolder" severity="ignore"/>
    <issue id="RtlHardcoded" severity="ignore"/>
    <issue id="Deprecated" severity="warning">
        <ignore regexp="singleLine"/>
    </issue>
    <issue id="RtlSymmetry" severity="ignore"/>
</lint>
